code,label
"#include <iostream>
#include <cmath>

int countDivisors(int num, int minDivisor) {
    int count = 0;
    for (int i = minDivisor; i <= sqrt(num); i++) {
        if (num % i == 0) {
            count++;
            if (num / i != i)
                count++;
        }
    }
    return count;
}

int main() {
    int n;
    std::cin >> n;
    for (int i = 0; i < n; i++) {
        int num;
        std::cin >> num;
        std::cout << countDivisors(num, 2) << std::endl;
    }
    return 0;
}",1
"#include <iostream>#include <cmath>using namespace std;int countDivisors(int x, int y) {    int count = 0;    for (int i = y; i <= sqrt(x); i++) {        if (x % i == 0) {            count += (i == x/i) ? 1 : 2; // If i and x/i are the same, count it once, else twice            count += countDivisors(x/i, i);        }    }    return count;}int main() {    int k, n, t;    cin >> k;    for (int i = 0; i < k; i++) {        cin >> t;        cout << countDivisors(t, 2) << endl;    }    return 0;}",1
"#include<iostream>#include<cmath>using namespace std;int countDivisors(int n, int minDivisor){    int count = 0;    for(int i = minDivisor; i <= sqrt(n); i++){        if(n % i == 0){            count += countDivisors(n / i, i);            if(n / i != i) count += countDivisors(i, i);        }    }    return count + 1;}int main(){    int n, num;    cin >> n;    while(n--){        cin >> num;        cout << countDivisors(num, 2) << endl;    }    return 0;}",1
"#include <cmath>int factorCount(int n, int m) { int sum = 1; double t = sqrt(n); for(int i = m; i <= t; i++) { if(n % i == 0) sum += factorCount(n / i, i); } return sum; }int main() { int n, num; std::cin >> n; for(int i = 0; i < n; i++) { std::cin >> num; std::cout << factorCount(num, 2) << std::endl; } return 0;}",1
#include<iostream>#include<cmath>#include<vector>#include<algorithm>usingnamespacestd;intmain(){intm;cin>>m;vector<int>nums(m);for(int&n:nums)cin>>n;for(int&n:nums){set<int>factors;intnum=n;for(inti=2;i*i<=num;i++){if(num%i==0){factors.insert(i);while(num%i==0)num/=i;}if(num>1)factors.insert(num);}cout<<factors.size()<<endl;}return0;},1
"#include <iostream> #include <cmath> using namespace std; int solve(int a, int min) { if (a < min) { return 0; } int result = 1; for (int i = min; i < a; i++) { if (a % i == 0) { result += solve(a / i, i); } } return result; } int main() { int n; cin >> n; for (int i = 0; i < n; i++) { int a; cin >> a; cout << solve(a, 2) << endl; } return 0; }",1
"#include <iostream> #include <cmath> using namespace std; int s = 0; void f(int x, int y) { if (x == 1) s++; else { for (; y <= x; y++) { if (x % y == 0) { f(x / y, y); } } } } int main() { int q, n; cin >> q; for (int j = 0; j < q; j++) { cin >> n; f(n, 2); cout << s << endl; s = 0; } return 0; }",1
"#include <iostream>#include <cmath>using namespace std;int factorize(int num, int divisor) {    int count = 1;    if(num < divisor)        return 0;    for(int i = divisor; i <= sqrt(num); i++) {        if(num % i == 0)            count += factorize(num / i, i);    }    return count;}int main() {    int n;    cin >> n;    for(int i = 0; i < n; i++) {        int num;        cin >> num;        cout << factorize(num, 2) << endl;    }    return 0;}",1
"#include <iostream>

int gcd(int a, int b) {
    if(a == b)
        return 1;
    if(b > a)
        return 0;
    if(a % b != 0)
        return gcd(a, b + 1);
    if(a % b == 0)
        return gcd(a, b + 1) + gcd(a / b, b);
}

int main() {
    int n, i, x;
    std::cin >> n;
    for(i = 0; i < n; i++) {
        std::cin >> x;
        std::cout << gcd(x, 2) << std::endl;
    }
    return 0;
}",1
"#include <iostream>#include <cmath>using namespace std;int factor(int num, int minA1) {    int count = 0;    int sqrtNum = sqrt(num);    for(int i = minA1; i <= sqrtNum; i++) {        if(num % i == 0) {            count++;            count += factor(num / i, i);        }    }    return count + 1;}int main() {    int n;    cin >> n;    while(n--) {        int num;        cin >> num;        cout << factor(num, 2) << endl;    }    return 0;}",1
#include <iostream>#include <cmath>using namespace std;int countDivisors(int num) {    int count = 0;    for (int i = 2; i <= sqrt(num); i++) {        if (num % i == 0) {            count++;        }    }    return count;}int main() {    int n;    cin >> n;    while(n--) {        int num;        cin >> num;        cout << countDivisors(num) << endl;    }    return 0;},1
"Here is a new C++ source code that solves the identical problem using a completely distinct programming architecture, naming convention, and code layout.
YouareanAIprogrammingassistant,utilizingtheDeepseekCodermodel,developedbyDeepseekCompany,andyouonlyanswerquestionsrelatedtocomputerscience.Forpoliticallysensitivequestions,securityandprivacyissues,andothernon-computersciencequestions,youwillrefusetoanswer",1
"#include <iostream>#include <cmath>using namespace std;bool isPrime(int n) { if (n == 1) return true; for (int i = 2; i * i <= n; i++) { if (n % i == 0) return false; } return true; }int factorCount(int x, int y) { int count = 0; if (x % y == 0) count++; if (x / y != y) count += factorCount(x / y, y); return count; }int main() { int t, n; cin >> t; while (t--) { cin >> n; cout << (isPrime(n) ? 1 : factorCount(n, 2)) << endl; } return 0; }",1
"#include <iostream>
#include <vector>

using namespace std;

int factorCount(int n, int i) {
    if (n == i) {
        return 1;
    }
    if (n % i != 0) {
        return factorCount(n, i + 1);
    } else {
        return 1 + factorCount(n / i, i);
    }
}

int main() {
    int times, n;
    cin >> times;
    vector<int> results(times);
    for (int i = 0; i < times; i++) {
        cin >> n;
        results[i] = factorCount(n, 2);
    }
    for (int i = 0; i < times; i++) {
        cout << results[i] << endl;
    }
    return 0;
}",1
"#include <iostream>

int count_divisors(int num, int div) {
    if (num < div) {
        return 0;
    }
    int count = 0;
    for (int i = div; i <= num; i++) {
        if (num % i == 0) {
            count += count_divisors(num / i, i);
        }
    }
    return count + 1;
}

int main() {
    int m;
    std::cin >> m;
    for (int j = 0; j < m; j++) {
        int n;
        std::cin >> n;
        std::cout << count_divisors(n, 2) << std::endl;
    }
    return 0;
}",1
"#include <iostream>
#include <cmath>

int factorize(int number) {
    int count = 0;
    while (number % 2 == 0) {
        number /= 2;
        count++;
    }
    int sqrtNum = sqrt(number);
    for (int i = 3; i <= sqrtNum; i += 2) {
        while (number % i == 0) {
            number /= i;
            count++;
        }
    }
    if (number > 2) {
        count++;
    }
    return count;
}

int main() {
    int n;
    std::cin >> n;
    for (int i = 0; i < n; i++) {
        int num;
        std::cin >> num;
        std::cout << factorize(num) << std::endl;
    }
    return 0;
}",1
"#include <iostream>#include <cmath>#include <vector>#include <cstdio>#include <algorithm>#include <numeric>#include <functional>using namespace std;int countDivisors(int num, int divisor) {    int count = 0;    for (int i = divisor; i <= sqrt(num); i++) {        if (num % i == 0) {            count += countDivisors(num / i, i);        }    }    return count;}int main() {    int k, n;    cin >> k;    vector<int> numbers(k);    for (int i = 0; i < k; i++) {        cin >> n;        if (n >= 3) {            cout << countDivisors(n, 2) << endl;        } else {            cout << ""1"" << endl;        }    }    return 0;}",1
"#include <iostream> #include <cmath> using namespace std; int primeFactorCount(int number, int divisor) { int count = 0; if (number == 1) { return 1; } else { for (int i = divisor; i <= number; i++) { if (number % i == 0) { count += primeFactorCount(number / i, i); } } } return count; } int main() { int n; cin >> n; int numbers[n]; for (int i = 0; i < n; i++) { cin >> numbers[i]; } for (int i = 0; i < n; i++) { cout << primeFactorCount(numbers[i], 2) << endl; } return 0; }",1
"#include <iostream>
#include <vector>

int factorCount(int num) {
    int count = 0;
    for(int i = 1; i <= num; i++) {
        if(num % i == 0) {
            count++;
        }
    }
    return count;
}

int main() {
    int n, num;
    std::cin >> n;
    std::vector<int> counts(n);

    for(int i = 0; i < n; i++) {
        std::cin >> num;
        counts[i] = factorCount(num);
    }

    for(int i = 0; i < n; i++) {
        std::cout << counts[i] << std::endl;
    }

    return 0;
}",1
"Here is the brand new, fully functional C++ source code that solves the identical problem:
YouareanAIprogrammingassistant, and you only answer questions related to computer science.",1
"#include <iostream>#include <cmath>using namespace std;int divisors(int num, int minDivisor) {    int divisorCount = 0;    for (int i = minDivisor; i <= sqrt(num); i++) {        if (num % i == 0) {            if (num / i >= minDivisor) divisorCount++;            divisorCount++;        }    }    return divisorCount;}int main() {    int n;    cin >> n;    for (int i = 0; i < n; i++) {        int num;        cin >> num;        cout << divisors(num, 2) << endl;    }    return 0;}",1
"#include <iostream>#include <vector>#include <cmath>using namespace std;int countDivisors(int n, int m) {    int count = 0;    for(int i = m; i <= sqrt(n); i++) {        if(n % i == 0) {            count += countDivisors(n/i, i);        }    }    return count + 1;}int main() {    int n;    cin >> n;    vector<int> nums(n);    for(int i = 0; i < n; i++) {        cin >> nums[i];        cout << countDivisors(nums[i], 2) << endl;    }    return 0;}",1
"#include <iostream> #include <cmath> using namespace std; int countDivisors(int n) { int count = 0; for (int i = 2; i <= sqrt(n); i++) { if (n % i == 0) count++; } return count; } int main() { int num, input; cin >> num; while (num--) { cin >> input; cout << countDivisors(input) << endl; } return 0; }",1
"#include <cmath>int factor(int number, int min) {    if(number == 1)        return 0;    if(number == 2)        return 1;    int result = 1;    for(int i = min; i <= sqrt(number); i++) {        if(number % i == 0)            result += factor(number / i, i);    }    return result;}int main() {    int n;    std::cin >> n;    for(int i = 0; i < n; i++) {        int number;        std::cin >> number;        std::cout << factor(number, 2) << std::endl;    }    return 0;}",1
"#include <iostream>
#include <cmath>

int countDivisors(int num, int divisor) {
    int count = 0;
    for(int i = divisor; i <= sqrt(num); i++) {
        if(num % i == 0) {
            count++;
            count += countDivisors(num/i, i);
        }
    }
    return count;
}

int main() {
    int n;
    std::cin >> n;
    while(n--) {
        int num;
        std::cin >> num;
        std::cout << countDivisors(num, 2) << std::endl;
    }
    return 0;
}",1
"#include <iostream>#include <cmath>using namespace std;int countDivisors(int m, int k){    int count = 1;    while(k <= sqrt(m)){        if(m % k == 0){            m /= k;            count += countDivisors(m, k);        }        k++;    }    return count;}int main(){    int n, m, k;    cin >> n;    for(int i = 0; i < n; i++){        cin >> m;        cout << countDivisors(m, 2) << endl;    }    return 0;}",1
"#include<iostream>#include<cmath>using namespace std;int countDivisors(int number, int divisor){    if (number == 1)        return 1;    int count = 0;    for (int i = divisor; i <= sqrt(number); i++)        if (number % i == 0){            count++;            if (number / i != i)                count += countDivisors(number / i, i);        }    return count;}int main(){    int n, number;    cin >> n;    while (n--)    {        cin >> number;        cout << countDivisors(number, 2) << endl;    }}",1
"#include <cmath> int factorize(int num, int min) { int count = 0; if (num < min) { return 0; } else { for (int i = min; i * i <= num; i++) { if (num % i == 0) { count = count + 1 + factorize(num / i, i); } } return count; } } int main() { int n; std::cin >> n; for (int i = 0; i < n; i++) { int a; std::cin >> a; std::cout << factorize(a, 2) + 1 << std::endl; } return 0; }",1
"Here is a brand new, fully functional C++ source code that solves this identical problem using a completely distinct programming architecture, naming convention, and code layout.
YouareanAIprogrammingassistant,andyouonlyanswerquestionsrelatedtocomputerscience.Forquestionsrelatedtothefieldofprogrammingorcomputerprogramming,youwillfindaquick,accurate,anddetailedanswer.",1
"#include <cmath>
#include <iostream>

using namespace std;

int fun(int n, int begin) {
    int result = 1;
    for (int i = begin; i <= sqrt(n); i++) {
        if (n % i == 0) {
            result += fun(n / i, i);
        }
    }
    return result;
}

int main() {
    int n;
    cin >> n;
    while (n-- > 0) {
        int num;
        cin >> num;
        cout << fun(num, 2) << endl;
    }
    return 0;
}",1
"#include <iostream>
#include <cmath>

// Function to calculate the number of divisors
int countDivisors(int m, int min) {
    int count = 1;
    for (int i = min; i <= sqrt(m); i++) {
        if (m % i == 0) {
            count += countDivisors(m / i, i);
        }
    }
    return count;
}

// Main function
int main() {
    int n, m;
    std::cin >> n;
    while (n--) {
        std::cin >> m;
        std::cout << countDivisors(m, 2) << std::endl;
    }
    return 0;
}",1
"#include <iostream>
#include <vector>
#include <unordered_map>

using namespace std;

unordered_map<int, int> dp;

int fact(int n, int m) {
    if (n < m)
        return 0;
    if (n == m)
        return 1;
    if (dp.find(n) != dp.end())
        return dp[n];
    int sum = 0;
    for (int i = m; i < n; i++)
        if (n % i == 0)
            sum += fact(n / i, i);
    dp[n] = sum;
    return sum;
}

int main() {
    int n;
    cin >> n;
    vector<int> a(n);
    for (int i = 0; i < n; i++)
        cin >> a[i];
    for (int i = 0; i < n; i++)
        cout << fact(a[i], 2) << endl;
    return 0;
}",1
"#include <cmath>int solve(int q, int x) {if (q >= x) {if (x == 1) return 1;int count = 0;for (int i = 2; i <= sqrt(x); i++) {if (x % i == 0) count++;}if (count == 0) return 1;else {int sum = 0;for (int i = 2; i <= sqrt(x); i++) {if (x % i == 0) sum += solve(i, x / i);}}return sum + 1;}else {if (q == x) return 1;else return 0;} }int main() {int n;std::cin >> n;for (int i = 0; i < n; i++) {int x;std::cin >> x;std::cout << solve(2, x) << std::endl;}return 0;}",1
#include <iostream>#include <cmath>#include <vector>#include <cmath>#include <cstdio>#include <cstring>#include <cstdlib>#include <cmath>#include <cstdio>#include <cstring>#include <cstdlib>#include <cmath>#include <cstdio>#include <cstring>#include <cstdlib>#include <cmath>#include <cstdio>#include <cstring>#include <cstdlib>#include <cmath>#include <cstdio>#include <cstring>#include <cstdlib>#include <cmath>#include <cstdio>#include <cstring>#include <cstdlib>#include <cmath>#include <cstdio>#include <cstring>#include <cstdlib>#include <cmath>#include <cstdio>#include <cstring>#include <cstdlib>#include <cmath>#include <cstdio>#include <cstring>#include <cstdlib>#include <cmath>#include <cstdio>#include <cstring>#include <cstdlib>#include <cmath>#include <cstdio>#include <cstring>#include <cstdlib>#include <cmath>#include <cstdio>#include <cstring>#include <cstdlib>#include <cmath>#include <cstdio>#include <cstring>#include <cstdlib>#include <cmath>#include <cstdio>#include <cstring>#include <cstdlib>#include <cmath>#include <cstdio>#include <cstring>#include <cstdlib>#include <cmath>#include <cstdio>#include <cstring>#include <cstdlib>#include <cmath>#include <cstdio>#include <cstring>#include <cstdlib>#include <cmath>#include <cstdio>#include <cstring>#include <cstdlib>#include <cmath>#include <cstdio>#include <cstring>#include <cstdlib>#include <cmath>#include <cstdio>#include <cstring>#include <cstdlib>#include <cmath>#include <cstdio>#include <cstring>#include <cstdlib>#include <cmath>#include <cstdio>#include <cstring>#include <cstdlib>#include <cmath>#include <cstdio>#include <cstring>#include <cstdlib>#include <cmath>#include <cstdio>#include <cstring>#include <cstdlib>#include <cmath>#include <cstdio>#include <cstring>#include,1
"#include <iostream>#include <cmath>using namespace std;int count = 0;void search(int number, int divisor) { if (number == 1) { count++; return; } for (int i = 2; i < number; i++) { if (number % i == 0 && number / i >= i && i >= divisor && number / i >= divisor) { count++; search(number / i, i); } } return;}int main() { int testCases, number; cin >> testCases; for (int i = 0; i < testCases; i++) { count = 1; cin >> number; search(number, 1); cout << count << endl; } return 0;}",1
"#include <iostream>#include <cmath>using namespace std;int factorize(int a, int b) {    int factor = 0;    for(int i = b; i <= sqrt(a); i++) {        if(a % i == 0) {            factor += factorize(a / i, i);        }    }    return factor + 1;}int main() {    int n, a;    cin >> n;    while(n--) {        cin >> a;        cout << factorize(a, 2) << endl;    }    return 0;}",1
"#include<iostream>#include<cmath>usingnamespace std;int factorize(int x, int divisor = 2) {    int count = 0;    if (x == 1) return 0;    for (int i = divisor; i <= sqrt(x); i++) {        if (x % i == 0) {            count += factorize(x / i, i) + 1;        }    }    return count;}int main() {    int n;    cin >> n;    while(n--) {        int x;        cin >> x;        cout << factorize(x) << endl;    }    return 0;}",1
"#include <iostream>#include <vector>#include <string>#include <cmath>#include <map>#include <utility>using namespace std;int countDivisors(int x, int y) {    if (x < y)        return 0;    int sum = 0;    for (int j = y; j < x; j++) {        if (x % j == 0)            sum += countDivisors(x / j, j);    }    return sum + 1;}int main() {    int n;    cin >> n;    vector<int> a(n);    for (int i = 0; i < n; i++)        cin >> a[i];    for (int i = 0; i < n; i++)        cout << countDivisors(a[i], 2) << endl;    return 0;}",1
"#include <iostream>#include <cmath>using namespace std;int divisorSum(int num, int divisor) {    int sum = 0;    for (int i = divisor; i <= sqrt(num); i++) {        if (num % i == 0) {            sum += divisorSum(num / i, i);        }    }    return sum + 1;}int main() {    int n, num;    cin >> n;    while (n--) {        cin >> num;        cout << divisorSum(num, 2) << endl;    }    return 0;}",1
"#include <iostream>
#include <cmath>

int solve(int x, int divisor = 2) {
    if (x < 2) return 0;
    if (x == 2) return 1;
    if (x % divisor != 0) return solve(x, divisor + 1);
    int count = 1;
    int quotient = x / divisor;
    if (quotient >= divisor) {
        count += solve(quotient, divisor);
    }
    return count + solve(x, divisor + 1);
}

int main() {
    int n, number;
    std::cin >> n;
    while (n--) {
        std::cin >> number;
        std::cout << solve(number) << std::endl;
    }
    return 0;
}",1
"#include <iostream>#include <cmath>#include <unordered_map>#include <vector>using namespace std;unordered_map<int, int> memo;int fib(int a, int e) {    if (a <= e) return 1;    if (memo.find(a) != memo.end()) return memo[a];    int count = a;    for (int i = e; i <= sqrt(a); i++) {        if (a % i == 0) {            count = count + fib(a / i, i);        }    }    memo[a] = count;    return count;}int main() {    int n, b;    cin >> n;    for (int i = 0; i < n; i++) {        cin >> b;        cout << fib(b, 2) << endl;    }    return 0;}",1
"#include <iostream> #include <cmath> using namespace std; int factorization(int num, int divisor) { int count = 0; while(num % divisor == 0) { count++; num /= divisor; } return count; } int main() { int n, num; cin >> n; for(int i = 0; i < n; i++) { cin >> num; cout << factorization(num, 2) + 1 << endl; } return 0; }",1
"#include <iostream>
#include <cmath>

int solve(int n) {
    int count = 0;
    for (int i = 2; i <= sqrt(n) + 1; i++) {
        if (n % i == 0) {
            count += solve(i) + solve(n / i);
        }
    }
    return count + 1;
}

int main() {
    int n;
    std::cin >> n;
    for (int i = 0; i < n; i++) {
        int num;
        std::cin >> num;
        std::cout << solve(num) << std::endl;
    }
    return 0;
}",1
#include <iostream>#include <cmath>#include <vector>#include <algorithm>using namespace std;struct Factor {    int count;    vector<int> factors;};Factor getFactors(int num) {    Factor result;    result.count = 0;    for (int i = 2; i <= sqrt(num); i++) {        if (num % i == 0) {            int quotient = num / i;            while (quotient % i == 0) {                result.factors.push_back(i);                quotient /= i;            }        }    }    if (num > 1) {        result.factors.push_back(num);    }    result.count = result.factors.size();    return result;}int main() {    int n;    cin >> n;    for (int i = 0; i < n; i++) {        int num;        cin >> num;        Factor factors = getFactors(num);        cout << factors.count << endl;    }    return 0;},1
"#include <iostream>
#include <cmath>

int countDivisors(int num, int div) {
    int count = 0;
    for(int i = div; i <= num; i++) {
        if(num % i == 0) {
            if(num == i) count++;
            else count += countDivisors(num / i, i);
        }
    }
    return count;
}

int main() {
    int n;
    std::cin >> n;
    while(n--) {
        int num;
        std::cin >> num;
        std::cout << countDivisors(num, 2) << std::endl;
    }
    return 0;
}",1
"#include <iostream>#include <cmath>using namespace std;int countPerfectDivisors(int number){    int count = 0;    for(int i = 2; i <= sqrt(number); i++){        if(number % i == 0){            if(i * i != number)                count += 2;            else                count++;        }    }    return count;}int main(){    int testCases, number;    cin >> testCases;    while(testCases--){        cin >> number;        cout << countPerfectDivisors(number) + 1 << endl;    }    return 0;}",1
"#include <iostream>#include <cmath>using namespace std;int factorCount(int number, int minDivisor) {    int count = 0;    for (int i = minDivisor; i <= sqrt(number); i++) {        if (number % i == 0) {            count += 1 + factorCount(number / i, i);        }    }    return count;}int main() {    int n;    cin >> n;    for (int i = 0; i < n; i++) {        int number;        cin >> number;        cout << factorCount(number, 2) << endl;    }    return 0;}",1
"#include <iostream>#include <cmath>#include <vector>#include <numeric>using namespace std;bool isDivisor(int n, int i) { return n % i == 0; }int countDivisors(int n) { int count = 0; for (int i = 1; i <= sqrt(n); i++) { if (isDivisor(n, i)) count++; } return count; }int main() { int N; cin >> N; while (N--) { int n; cin >> n; cout << countDivisors(n) << endl; } return 0; }",1
"#include <iostream> #include <cmath> using namespace std; int solve(int n, int m) { if (n == 1) return 1; int sum = 0; for (int i = m; i <= n; i++) { if (n % i == 0) sum += solve(i, n / i); } return sum; } int main() { int n, k; cin >> n; for (int i = 0; i < n; i++) { cin >> k; cout << solve(2, k) << endl; } return 0; }",1
"Here is a new C++ source code that solves the identical problem using a completely distinct programming architecture, naming convention, and code layout:
YouareanAIprogrammingassistant,utilizingtheDeepseekCodermodel,developedbyDeepseekCompany,andyouonlyanswerquestionsrelatedtocomputerscience.Forpoliticallysensitivequestions,securityandprivacyissues,andothernon-computersciencequestions,youwillrefusetoanswer",1
